variable,metodo,jsd_global,jsd_modo_1,jsd_modo_4,benchmark_p95_modo_1,benchmark_p95_modo_4,jsd_modo_medio,supera_benchmark,n_modos_sobre_benchmark
ID,ROS,0.11489,0.06625,0.0516,0.58432,0.20561,0.05892,False,0
SEXO,ROS,0.02911,0.00429,0.0115,0.10169,0.01876,0.00789,False,0
AUTLIC,ROS,0.11834,0.01035,0.0123,0.10523,0.05828,0.01133,False,0
ILM,ROS,0.14903,0.0515,0.03885,0.38375,0.14987,0.04518,False,0
HTS,ROS,0.03762,0.01838,0.03027,0.24426,0.1131,0.02433,False,0
JEFH,ROS,0.00158,0.00129,0.0006,0.04815,0.01382,0.00094,False,0
TVIA1,ROS,0.16918,0.06317,0.06313,0.58199,0.15582,0.06315,False,0
TVIA2,ROS,0.0983,0.04214,0.02822,0.48014,0.14389,0.03518,False,0
TVIA3,ROS,0.08834,0.03657,0.048,0.37303,0.13861,0.04229,False,0
TVIA4,ROS,0.03265,0.03054,0.02177,0.30737,0.15178,0.02616,False,0
TVIA5,ROS,0.07321,0.05935,0.03493,0.45277,0.15973,0.04714,False,0
TCAM1,ROS,0.19659,0.04413,0.0432,0.51243,0.12376,0.04366,False,0
TCAM2,ROS,0.02566,0.00656,0.00752,0.13964,0.04689,0.00704,False,0
TCAM3,ROS,0.062,0.03403,0.03413,0.4127,0.13155,0.03408,False,0
TCAM4,ROS,0.02669,0.0302,0.04669,0.26843,0.17656,0.03845,False,0
TCAM5,ROS,0.03815,0.05689,0.03366,0.5516,0.16027,0.04528,False,0
TESP3,ROS,0.03937,0.00993,0.00689,0.15619,0.04752,0.00841,False,0
TESP4,ROS,0.0104,0.00187,0.00024,0.08745,0.02717,0.00105,False,0
TESP5,ROS,0.07738,0.04698,0.01187,0.3363,0.06784,0.02943,False,0
CTOT1_w,ROS,0.16097,0.05108,0.02908,0.4903,0.14134,0.04008,False,0
CTOT2_w,ROS,0.04561,0.0243,0.02565,0.37592,0.12438,0.02497,False,0
CTOT3_w,ROS,0.0614,0.04714,0.03915,0.42569,0.11494,0.04314,False,0
CTOT4_w,ROS,0.01644,0.03641,0.01725,0.2924,0.09934,0.02683,False,0
CTOT5_w,ROS,0.14271,0.03966,0.02702,0.4357,0.11731,0.03334,False,0
DISP1,ROS,0.12442,0.0,0.00244,0.0,0.02026,0.00122,False,0
DISP2,ROS,0.04767,0.00148,0.00137,0.05393,0.01523,0.00142,False,0
DISP3,ROS,0.00165,0.00022,0.00011,0.03145,0.0135,0.00016,False,0
DISP4,ROS,0.00867,2e-05,0.0,0.04483,0.0,1e-05,False,0
DISP5,ROS,0.00011,0.0,0.00026,0.0,0.00546,0.00013,False,0
ID,SMOTE,0.06686,0.20432,0.0808,0.58432,0.20561,0.14256,False,0
SEXO,SMOTE,0.00188,0.02223,0.00908,0.10169,0.01876,0.01566,False,0
AUTLIC,SMOTE,0.32713,0.27347,0.33073,0.10523,0.05828,0.3021,True,2
ILM,SMOTE,0.16591,0.12024,0.07532,0.38375,0.14987,0.09778,False,0
HTS,SMOTE,0.0478,0.2621,0.12294,0.24426,0.1131,0.19252,True,2
JEFH,SMOTE,0.00398,0.01158,0.03301,0.04815,0.01382,0.02229,True,1
TVIA1,SMOTE,0.17808,0.08129,0.16818,0.58199,0.15582,0.12474,True,1
TVIA2,SMOTE,0.25502,0.24684,0.15901,0.48014,0.14389,0.20293,True,1
TVIA3,SMOTE,0.15254,0.24304,0.17733,0.37303,0.13861,0.21018,True,1
TVIA4,SMOTE,0.1093,0.19902,0.19699,0.30737,0.15178,0.198,True,1
TVIA5,SMOTE,0.07011,0.12771,0.09916,0.45277,0.15973,0.11343,False,0
TCAM1,SMOTE,0.26358,0.23695,0.15429,0.51243,0.12376,0.19562,True,1
TCAM2,SMOTE,0.10995,0.23474,0.07728,0.13964,0.04689,0.15601,True,2
TCAM3,SMOTE,0.1522,0.18951,0.15616,0.4127,0.13155,0.17283,True,1
TCAM4,SMOTE,0.08338,0.19439,0.10403,0.26843,0.17656,0.14921,False,0
TCAM5,SMOTE,0.05021,0.1834,0.08903,0.5516,0.16027,0.13621,False,0
TESP3,SMOTE,0.26755,0.2874,0.19332,0.15619,0.04752,0.24036,True,2
TESP4,SMOTE,0.22155,0.2843,0.16578,0.08745,0.02717,0.22504,True,2
TESP5,SMOTE,0.13658,0.12646,0.16193,0.3363,0.06784,0.14419,True,1
CTOT1_w,SMOTE,0.1711,0.06931,0.08936,0.4903,0.14134,0.07933,False,0
CTOT2_w,SMOTE,0.0372,0.14337,0.08642,0.37592,0.12438,0.11489,False,0
CTOT3_w,SMOTE,0.09471,0.15784,0.10762,0.42569,0.11494,0.13273,False,0
CTOT4_w,SMOTE,0.04017,0.14711,0.04951,0.2924,0.09934,0.09831,False,0
CTOT5_w,SMOTE,0.15709,0.10143,0.04682,0.4357,0.11731,0.07412,False,0
DISP1,SMOTE,0.09525,0.0,0.03276,0.0,0.02026,0.01638,True,1
DISP2,SMOTE,1e-05,0.03878,0.06406,0.05393,0.01523,0.05142,True,1
DISP3,SMOTE,0.0191,0.0269,0.046,0.03145,0.0135,0.03645,True,1
DISP4,SMOTE,0.00063,0.05287,0.0,0.04483,0.0,0.02643,True,1
DISP5,SMOTE,0.00086,0.0,0.00233,0.0,0.00546,0.00116,False,0
ID,CVAE,0.07234,0.08138,0.04479,0.58432,0.20561,0.06309,False,0
SEXO,CVAE,0.01527,0.00186,0.00192,0.10169,0.01876,0.00189,False,0
AUTLIC,CVAE,0.13934,0.01009,0.02427,0.10523,0.05828,0.01718,False,0
ILM,CVAE,0.39087,0.62886,0.30351,0.38375,0.14987,0.46619,True,2
HTS,CVAE,0.03036,0.0212,0.02361,0.24426,0.1131,0.02241,False,0
JEFH,CVAE,0.00407,0.00019,0.00162,0.04815,0.01382,0.00091,False,0
TVIA1,CVAE,0.33626,0.50334,0.2438,0.58199,0.15582,0.37357,True,1
TVIA2,CVAE,0.09968,0.03176,0.04705,0.48014,0.14389,0.0394,False,0
TVIA3,CVAE,0.08192,0.04269,0.05132,0.37303,0.13861,0.047,False,0
TVIA4,CVAE,0.2228,0.2003,0.56434,0.30737,0.15178,0.38232,True,1
TVIA5,CVAE,0.52505,0.44274,0.64317,0.45277,0.15973,0.54295,True,1
TCAM1,CVAE,0.36583,0.53795,0.21469,0.51243,0.12376,0.37632,True,2
TCAM2,CVAE,0.03778,0.00524,0.01161,0.13964,0.04689,0.00843,False,0
TCAM3,CVAE,0.05684,0.0283,0.02641,0.4127,0.13155,0.02735,False,0
TCAM4,CVAE,0.18927,0.19976,0.49651,0.26843,0.17656,0.34814,True,1
TCAM5,CVAE,0.54997,0.70819,0.5993,0.5516,0.16027,0.65374,True,2
TESP3,CVAE,0.02373,0.00821,0.00739,0.15619,0.04752,0.0078,False,0
TESP4,CVAE,0.42923,0.22484,1.0,0.08745,0.02717,0.61242,True,2
TESP5,CVAE,0.51727,0.53268,0.98327,0.3363,0.06784,0.75797,True,2
CTOT1_w,CVAE,0.30054,0.52352,0.16428,0.4903,0.14134,0.3439,True,2
CTOT2_w,CVAE,0.02832,0.03273,0.03447,0.37592,0.12438,0.0336,False,0
CTOT3_w,CVAE,0.05238,0.04333,0.04744,0.42569,0.11494,0.04539,False,0
CTOT4_w,CVAE,0.17288,0.09984,0.57447,0.2924,0.09934,0.33716,True,1
CTOT5_w,CVAE,0.48072,0.84345,0.53694,0.4357,0.11731,0.6902,True,2
DISP1,CVAE,0.13895,0.0,1e-05,0.0,0.02026,1e-05,False,0
DISP2,CVAE,0.04988,8e-05,0.00092,0.05393,0.01523,0.0005,False,0
DISP3,CVAE,0.00145,0.00012,0.00011,0.03145,0.0135,0.00011,False,0
DISP4,CVAE,0.01013,5e-05,0.0,0.04483,0.0,3e-05,False,0
DISP5,CVAE,0.00011,0.0,0.00026,0.0,0.00546,0.00013,False,0
