"ID","ICH","SEXO","AUTLIC","ILM","HTS","JEFH","TVIA1","TVIA2","TVIA3","TVIA4","TVIA5","TCAM1","TCAM2","TCAM3","TCAM4","TCAM5","TESP3","TESP4","TESP5","CTOT1_w","CTOT2_w","CTOT3_w","CTOT4_w","CTOT5_w","DISP1","DISP2","DISP3","DISP4","DISP5"
"2",1,4,0,0.5,25000,44,0,448,448,536,468,1142,202,202,288,331,288,18,78,12,29.06112,3.17856,22.704,5.90304,9.0816,1,1,1,1,1
"4",2,4,0,0.33,47000,44,0,744,744,641,702,1399,216,216,346,360,346,24,78,30,20.5302127659574,3.13991489361702,14.491914893617,3.13991489361702,4.83063829787234,1,1,1,1,1
"6",3,4,1,0.5,65000,44,1,527,527,480,396,1082,144,144,230,360,230,18,78,6,11.352,1.22252307692308,10.4787692307692,2.2704,3.49292307692308,1,1,1,1,1
"8",4,4,1,0.5,22000,44,0,0,672,647,702,1420,0,144,338,504,338,24,78,30,0,5.676,30.96,6.708,10.32,0,1,1,1,1
"10",5,4,1,0.5,120000,44,1,877,877,706,768,1539,216,216,468,886,468,24,78,30,7.568,1.419,5.676,1.2298,1.892,1,1,1,1,1
"14",7,2,0,0.5,30000,44,0,1272,1272,1274,0,2177,216,216,230,0,230,30,0,96,41.2456,10.9736,22.704,0,3.784,1,1,1,0,1
"16",8,1,0,1,60000,44,1,575,575,586,0,1226,0,0,79,0,79,30,0,36,2.2704,1.1352,9.46,0,1.892,1,1,1,0,1
"22",11,5,1,0.5,63000,48,1,824,824,908,0,1079,144,144,144,0,144,48,0,108,33.4171428571429,4.91428571428571,9.82857142857143,0,3.53828571428571,1,1,1,0,1
"24",12,1,1,0.66,120000,44,1,776,776,847,0,0,216,216,252,0,0,36,0,0,12.9602,1.7974,5.676,0,0,1,1,1,0,0
"26",13,1,1,1,110000,44,1,768,768,0,0,0,0,0,0,0,0,0,0,0,10.0104,2.3736,0,0,0,1,1,0,0,0
"40",21,1,1,1,1e+05,40,1,867,0,0,0,2002,144,0,0,0,317,0,0,48,10.5264,0,0,0,2.064,1,0,0,0,1
"46",24,1,1,0.5,95000,44,1,565,565,815,0,1469,0,0,144,0,144,36,0,48,3.58484210526316,1.79242105263158,7.16968421052631,0,2.38989473684211,1,1,1,0,1
"52",27,4,1,1,67000,44,1,245,245,576,456,1155,540,540,727,943,727,18,78,12,2.03319402985075,1.01659701492537,10.1659701492537,2.20262686567164,3.38865671641791,1,1,1,1,1
"54",28,4,1,1,62000,44,1,0,721,939,690,1447,0,706,648,850,648,48,78,54,0,2.38025806451613,10.9858064516129,2.38025806451613,3.66193548387097,0,1,1,1,1
"56",29,3,1,0.5,65000,44,1,859,859,1079,0,1621,706,706,583,0,583,48,0,54,12.7491692307692,2.09575384615385,10.4787692307692,0,3.49292307692308,1,1,1,0,1
"66",34,5,1,0.5,53000,44,1,1403,1403,1149,0,2119,706,706,590,0,590,30,0,96,17.3492830188679,3.42701886792453,12.851320754717,0,4.28377358490566,1,1,1,0,1
"68",35,2,0,0.66,26000,45,0,0,778,1358,0,0,0,540,871,0,0,36,0,0,0,8.03769230769231,26.7923076923077,0,0,0,1,1,0,0
"70",36,1,0,1,30000,45,0,1158,1158,1037,0,1942,504,504,475,0,475,30,0,54,11.223,5.805,23.22,0,7.74,1,1,1,0,1
"76",39,5,1,0.5,50000,45,1,1052,1052,1255,0,2599,706,706,493,0,493,36,0,42,24.1488,6.2694,13.932,0,5.3406,1,1,1,0,1
"78",40,4,0,1,60000,45,0,0,0,1169,774,1766,0,0,590,1051,590,48,78,54,0,0,11.61,2.5155,3.87,0,0,1,1,1
"80",41,4,1,1,60000,45,1,0,0,833,840,1721,0,0,857,929,857,24,78,42,0,0,11.61,2.5155,3.87,0,0,1,1,1
"94",48,5,1,0.5,15000,44,0,0,918,884,0,1736,0,706,490,0,490,30,0,36,0,8.3248,45.408,0,15.136,0,1,1,0,1
"104",53,5,1,0.66,45000,44,1,752,752,713,0,1442,202,202,101,0,101,30,0,36,16.9018666666667,2.2704,15.136,0,5.04533333333333,1,1,1,0,1
"106",54,4,1,0.66,140000,44,1,475,475,634,546,1357,533,533,626,583,626,18,78,12,1.45954285714286,0.729771428571429,4.86514285714286,1.05411428571429,1.62171428571429,1,1,1,1,1
"109",56,4,1,0.5,35000,44,0,0,465,631,468,1279,0,706,763,720,763,18,78,12,0,1.62171428571429,19.4605714285714,4.21645714285714,6.48685714285714,0,1,1,1,1
"111",57,4,1,1,80000,44,1,456,456,615,468,1315,706,706,871,1030,871,18,78,12,10.2168,1.5609,8.514,1.8447,2.838,1,1,1,1,1
"113",58,5,1,0.5,82000,44,1,0,616,974,0,1451,0,706,475,0,475,48,0,54,0,1.52282926829268,6.92195121951219,0,2.76878048780488,0,1,1,0,1
"118",61,4,1,0.5,60000,44,1,746,746,715,546,1473,252,252,252,274,252,24,78,18,22.704,1.892,11.352,2.4596,3.784,1,1,1,1,1
"119",62,4,1,0.5,45000,44,1,630,630,591,546,1285,252,252,382,655,122,18,78,12,25.4789333333333,2.77493333333333,15.136,3.27946666666667,5.04533333333333,1,1,1,1,1
"125",65,4,1,0.5,75000,44,1,434,434,460,390,956,418,418,158,58,158,18,78,12,13.77376,0.7568,7.568,1.96768,3.0272,1,1,1,1,1
"127",66,5,1,0.5,60000,44,1,532,532,824,546,1261,418,418,216,684,216,48,78,54,18.5416,1.7028,11.352,2.4596,3.784,1,1,1,1,1
"131",68,4,1,0.5,80000,44,1,1052,1052,0,840,2018,418,418,0,1858,648,0,78,42,20.1498,4.3989,0,1.8447,2.838,1,1,0,1,1
"137",71,4,0,0,10000,40,1,0,547,488,468,1072,0,418,295,281,295,18,78,12,0,7.224,61.92,13.416,20.64,0,1,1,1,1
"141",73,4,0,0.66,80000,44,1,469,469,494,390,1045,115,115,144,418,144,18,78,12,13.3386,0.9933,8.514,1.8447,2.838,1,1,1,1,1
"149",77,5,1,0.5,57000,44,1,0,1118,1289,0,1902,0,259,230,0,230,48,0,54,0,3.18652631578947,11.9494736842105,0,3.98315789473684,0,1,1,0,1
"151",78,5,0,0.5,30000,44,0,857,857,1167,0,2044,259,259,94,0,94,36,0,96,32.9208,7.1896,22.704,0,7.568,1,1,1,0,1
"157",81,5,0,0.5,15000,44,0,0,924,787,0,1582,0,259,108,0,108,30,0,36,0,7.568,45.408,0,15.136,0,1,1,0,1
"159",82,3,1,0.5,48000,44,1,802,802,710,0,1114,259,259,558,0,558,48,0,54,14.8995,1.6555,14.19,0,4.73,1,1,1,0,1
"161",83,4,1,0.5,60000,44,1,742,742,726,774,1510,259,259,324,418,324,24,78,42,14.0008,2.2704,11.352,2.4596,3.784,1,1,1,1,1
"167",86,3,0,0.33,20000,44,0,562,562,805,0,1432,259,259,216,0,216,36,0,96,41.4348,6.8112,34.056,0,11.352,1,1,1,0,1
"169",87,5,0,0.5,20000,44,0,859,859,1036,0,1848,259,259,396,0,396,36,0,96,45.9756,9.0816,34.056,0,11.352,1,1,1,0,1
"171",88,5,1,1,18000,40,0,886,886,517,0,976,230,230,630,0,630,30,0,36,10.32,5.16,20.0666666666667,0,10.32,1,1,1,0,1
"173",89,5,0,0.5,50000,40,1,937,937,1198,0,2215,36,36,446,0,662,60,0,78,7.8432,3.9216,12.384,0,4.7472,1,1,1,0,1
"175",90,4,1,0.5,60000,40,1,570,570,485,552,1062,36,36,468,518,684,18,78,12,3.44,1.72,8.6,2.236,2.924,1,1,1,1,1
"177",91,1,1,0.5,32000,56,1,1134,1134,1081,0,2103,108,108,454,0,454,24,0,42,9.933,4.9665,27.09,0,9.03,1,1,1,0,1
"181",93,1,1,1,35000,48,1,269,269,356,234,839,36,36,504,936,324,48,78,192,28.6601142857143,1.76914285714286,17.6914285714286,4.59977142857143,6.36891428571429,1,1,1,1,1
"183",94,2,0,0.5,35000,48,1,0,558,659,0,980,0,0,270,0,270,30,0,36,0,2.12297142857143,17.6914285714286,0,7.07657142857143,0,1,1,0,1
"185",95,5,1,0.66,60000,50,0,373,373,478,0,685,324,324,324,0,324,30,0,36,6.45,1.075,10.75,0,4.3,1,1,1,0,1
"191",98,1,0,0.5,8000,53,0,1234,1234,1520,0,2096,230,230,504,0,540,48,0,108,121.35675,34.185,85.4625,0,34.185,1,1,1,0,1
"193",99,4,0,0,27000,44,1,0,539,476,456,989,0,230,266,518,266,18,78,12,0,3.36355555555556,25.2266666666667,5.46577777777778,8.40888888888889,0,1,1,1,1
"197",101,1,1,1,68500,44,1,374,374,484,0,692,230,230,223,0,223,30,0,36,8.12040875912409,0.828613138686131,8.28613138686131,0,3.31445255474453,1,1,1,0,1
"199",102,4,1,1,60000,40,1,0,401,0,281,534,0,230,0,410,432,0,78,6,0,1.032,0,2.236,3.44,0,1,0,1,1
"201",103,5,1,1,25000,40,0,1099,1099,1388,0,2273,230,230,346,0,346,36,0,96,34.2624,8.6688,24.768,0,8.256,1,1,1,0,1
"206",106,1,1,1,50000,50,1,621,621,592,0,833,230,230,223,0,223,30,0,54,13.416,1.548,12.9,0,4.386,1,1,1,0,1
"210",108,3,1,0.5,60000,40,0,1204,1204,1180,0,1876,252,252,864,0,864,30,0,96,23.908,3.268,8.6,0,3.44,1,1,1,0,1
"212",109,4,1,0.5,18000,48,0,366,366,338,281,584,324,324,443,695,443,12,78,6,61.92,3.44,41.28,8.944,12.384,1,1,1,1,1
"214",110,1,1,0.5,32000,40,1,961,0,1406,0,2257,252,0,698,0,698,36,0,96,32.895,0,19.35,0,6.45,1,0,1,0,1
"216",111,1,1,1,90000,40,1,1102,1102,1177,0,2409,180,180,533,0,540,60,0,96,12.728,3.44,6.88,0,2.29333333333333,1,1,1,0,1
"218",112,3,1,0.5,80000,40,1,955,955,1105,0,2257,468,468,576,0,576,60,0,96,17.157,3.354,7.74,0,2.58,1,1,1,0,1
"220",113,3,0,1,60000,40,1,0,1052,1293,0,2323,0,252,767,0,767,60,0,96,0,4.816,10.32,0,3.44,0,1,1,0,1
"222",114,2,0,1,25000,40,0,0,1118,994,0,2387,0,108,479,0,486,60,0,96,0,12.384,24.768,0,8.256,0,1,1,0,1
"224",115,5,1,0.6,30000,40,0,571,571,694,0,1151,144,144,486,0,486,48,0,54,41.28,3.44,20.64,0,6.88,1,1,1,0,1
"226",116,4,1,0.5,90000,40,1,672,0,892,690,1298,468,0,684,1094,684,48,78,54,12.04,0,6.88,1.49066666666667,2.29333333333333,1,0,1,1,1
"228",117,1,1,1,160000,40,1,1148,1148,1297,0,1718,144,144,562,0,562,48,0,54,8.4495,0.645,3.87,0,1.29,1,1,1,0,1
"230",118,5,1,0.5,80000,48,1,1171,1171,1498,0,2180,324,324,828,0,828,48,0,108,15.48,3.096,9.288,0,3.096,1,1,1,0,1
"232",119,5,1,0.5,90000,48,1,0,0,1208,0,1974,0,0,310,0,598,60,0,48,0,0,8.256,0,2.752,0,0,1,0,1
"234",120,3,1,0.5,80000,50,1,1249,1249,1241,0,2182,446,446,432,0,684,36,0,60,24.34875,4.03125,9.675,0,3.225,1,1,1,0,1
"236",121,4,0,0.5,25000,48,0,0,0,563,456,1135,0,0,324,432,324,18,78,12,0,0,29.7216,6.43968,9.9072,0,0,1,1,1
"240",124,4,0,0.5,40000,40,0,0,948,952,906,1997,0,446,252,972,252,24,78,42,0,4.386,15.48,3.612,5.16,0,1,1,1,1
"244",126,5,1,0.5,90000,48,1,1204,1204,1193,0,1978,446,446,410,0,641,60,0,54,20.0896,3.1648,8.256,0,2.752,1,1,1,0,1
"248",128,1,1,0.66,40000,48,0,1148,1148,1073,0,1858,518,518,432,0,432,36,0,60,44.2728,6.8112,18.576,0,5.5728,1,1,1,0,1
"253",131,5,0,1,9000,44,0,0,864,827,0,1241,0,144,648,0,648,30,0,96,0,21.4426666666667,75.68,0,25.2266666666667,0,1,1,0,1
"255",132,1,1,1,1e+05,40,1,1006,1006,1406,0,2105,144,144,526,0,936,36,0,150,5.8824,1.9608,6.192,0,2.064,1,1,1,0,1
"258",134,4,1,0.5,35000,50,1,614,614,631,533,1279,144,144,396,396,396,18,78,12,11.7942857142857,4.05428571428571,22.1142857142857,4.79142857142857,7.37142857142857,1,1,1,1,1
"260",135,2,0,0,18000,45,1,0,596,659,0,1197,0,86,371,0,371,30,0,36,0,4.515,38.7,0,10.965,0,1,1,0,1
"262",136,1,0,1,25000,44,0,961,961,1205,0,2057,144,144,770,0,770,36,0,96,26.33664,8.17344,27.2448,0,9.0816,1,1,1,0,1
"264",137,4,0,0,8000,40,0,0,0,0,378,903,0,0,0,360,360,0,78,6,0,0,0,16.77,25.8,0,0,0,1,1
"268",139,1,0,1,50000,44,1,1446,1446,1119,0,2192,144,144,583,0,619,30,0,138,12.71424,3.85968,13.6224,0,4.5408,1,1,1,0,1
"270",140,4,1,0,9000,35,0,0,0,575,533,1201,0,0,432,432,432,18,78,12,0,0,60.2,13.0433333333333,20.0666666666667,0,0,1,1,1
"272",141,4,1,0,34000,44,1,0,482,546,378,995,0,144,360,756,360,48,78,54,0,2.67105882352941,20.0329411764706,4.34047058823529,6.67764705882353,0,1,1,1,1
"274",142,1,1,1,90000,44,1,1574,1574,994,0,2540,144,144,1296,0,670,30,0,96,5.42373333333333,1.38746666666667,6.30666666666667,0,2.52266666666667,1,1,1,0,1
"276",143,2,0,0.5,20000,40,0,0,672,211,0,1414,0,108,1159,0,367,30,0,36,0,5.16,25.8,0,10.32,0,1,1,0,1
"281",147,2,0,1,40000,44,0,0,1565,1484,0,2624,0,144,547,0,547,30,0,96,0,7.6626,14.19,0,5.676,0,1,1,0,1
"283",148,1,0,1,58000,47,1,478,478,275,324,738,202,202,295,281,295,18,78,6,2.92696551724138,1.46348275862069,12.5441379310345,2.71789655172414,3.5541724137931,1,1,1,1,1
"285",149,2,0,0,50000,44,1,344,344,313,0,545,202,202,173,0,173,48,0,42,3.17856,1.58928,13.6224,0,4.5408,1,1,1,0,1
"287",150,1,0,0.75,1e+05,40,1,517,517,452,533,1122,0,0,43,130,130,18,78,12,11.9712,0.8256,6.192,1.3416,2.064,1,1,1,1,1
"289",151,1,1,1,1e+05,50,1,837,837,1089,0,1940,288,288,648,0,648,36,0,96,17.544,2.322,7.74,0,2.58,1,1,1,0,1
"291",152,4,1,0.75,60000,50,0,517,517,441,468,1002,288,288,238,288,238,18,78,12,25.37,1.935,12.9,3.01,4.3,1,1,1,1,1
"293",153,1,1,1,150000,40,1,1027,1027,1095,0,1997,194,194,792,0,612,30,0,258,7.9808,1.2384,3.44,0,1.376,1,1,1,0,1
"303",160,4,1,0.66,30000,40,0,782,782,637,774,1399,346,346,360,360,360,24,78,42,46.44,5.848,20.64,4.472,6.88,1,1,1,1,1
"307",162,1,0,1,50000,45,0,835,0,1180,0,1778,468,0,389,0,389,48,0,54,38.7774,0,13.932,0,4.644,1,0,1,0,1
"309",163,4,1,0.33,65000,45,0,708,708,815,840,1645,468,468,554,619,554,24,78,42,30.0073846153846,2.50061538461538,10.7169230769231,2.322,3.57230769230769,1,1,1,1,1
"312",165,1,1,0.37,85000,45,0,682,682,662,0,1549,684,684,684,0,684,36,0,96,10.3807058823529,1.77564705882353,8.19529411764706,0,2.73176470588235,1,1,1,0,1
"321",170,5,1,0.5,75000,42,1,1103,1103,0,0,2216,108,108,0,0,151,0,0,78,22.24992,3.90096,0,0,2.8896,1,1,0,0,1
"325",172,5,1,0.5,150000,45,1,980,980,973,0,1885,374,374,475,0,475,60,0,18,11.223,1.7802,4.644,0,1.548,1,1,1,0,1
"327",173,1,1,1,150000,45,1,573,573,802,0,1189,288,288,821,0,821,48,0,54,1.7802,0.9288,4.644,0,1.548,1,1,1,0,1
"329",174,1,1,1,150000,45,1,617,617,835,0,1229,324,324,493,0,493,48,0,54,1.7028,0.8514,4.644,0,1.548,1,1,1,0,1
"337",178,1,1,1,140000,48,1,828,828,960,0,1709,108,108,662,0,490,60,0,168,3.00754285714286,1.50377142857143,5.30742857142857,0,1.76914285714286,1,1,1,0,1
"341",180,2,1,0,60000,45,1,0,1325,1178,0,2362,0,576,511,0,454,60,0,168,0,7.74,11.61,0,3.87,0,1,1,0,1
"343",181,2,1,0.5,35000,50,0,0,656,797,0,1419,0,396,403,0,346,36,0,90,0,9.21428571428572,22.1142857142857,0,7.37142857142857,0,1,1,0,1
"345",182,1,1,0.66,1e+05,50,1,835,835,727,0,1448,36,36,418,0,418,30,0,36,3.225,1.548,7.74,0,2.58,1,1,1,0,1
"347",183,1,1,0.6,50000,48,0,1063,1063,1430,0,2428,346,346,677,0,374,60,0,168,26.74944,7.18272,14.8608,0,4.9536,1,1,1,0,1
"349",184,4,0,0.5,25000,45,0,0,0,495,456,1093,0,0,216,835,216,48,78,54,0,0,27.864,6.0372,9.288,0,0,1,1,1
"353",186,5,1,1,60000,50,1,1190,0,0,0,1807,346,0,0,0,454,0,0,138,18.275,0,0,0,4.3,1,0,0,0,1
"355",187,4,1,0.5,98000,45,1,0,0,551,546,1225,0,0,338,403,338,18,78,12,0,0,7.10816326530612,1.54010204081633,2.36938775510204,0,0,1,1,1
"359",189,1,0,1,50000,50,1,849,849,0,0,2000,245,245,0,0,821,0,0,198,37.668,5.934,0,0,5.16,1,1,0,0,1
"361",190,4,0,0,38000,48,1,0,0,833,840,1721,0,0,360,425,360,24,78,42,0,0,19.5536842105263,4.23663157894737,6.5178947368421,0,0,1,1,1
"363",191,1,0,1,18000,48,0,899,899,1085,0,2158,310,310,403,0,403,60,0,114,17.2,8.256,30.96,0,13.76,1,1,1,0,1
"365",192,5,1,0.66,96000,44,1,1114,0,0,0,1628,396,0,0,0,490,0,0,180,16.43675,0,0,0,2.1285,1,0,0,0,1
"367",193,5,1,0.5,60000,48,1,752,752,1058,0,1975,252,252,857,0,137,60,0,168,7.6368,3.9216,12.384,0,4.128,1,1,1,0,1
"369",194,5,0,1,75000,48,1,160,0,0,0,383,166,0,0,0,328,0,0,90,17.50272,0,0,0,2.97216,1,0,0,0,1
"371",195,5,0,1,59000,48,1,0,187,196,144,265,0,166,522,738,256,12,78,12,0,0.629694915254237,10.4949152542373,2.72867796610169,3.77816949152542,0,1,1,1,1
"375",197,5,0,0.5,160000,50,1,0,1135,1080,0,2096,0,490,317,0,590,24,0,42,0,1.693125,4.8375,0,1.6125,0,1,1,0,1
"377",198,3,0,0,25000,50,0,0,0,1258,0,1676,0,0,173,0,446,48,0,54,0,0,25.8,0,10.32,0,0,1,0,1
"385",202,4,1,0.5,130000,45,1,0,570,724,546,1183,0,490,360,1166,374,48,78,54,0,0.803769230769231,5.35846153846154,1.161,1.78615384615385,0,1,1,1,1
"387",203,2,1,1,122000,50,1,1003,1003,0,774,1682,396,396,0,943,288,0,78,54,3.59508196721311,1.79754098360656,0,1.37459016393443,2.11475409836066,1,1,0,1,1
"389",204,4,1,1,75000,44,1,417,417,479,390,1001,7,7,382,778,454,18,78,12,1.05952,0.60544,9.0816,1.96768,3.0272,1,1,1,1,1
"391",205,1,1,0.5,75000,44,1,1178,0,1177,0,2129,72,0,569,0,691,36,0,60,9.0816,0,9.0816,0,3.0272,1,0,1,0,1
"393",206,5,1,1,13000,44,0,0,0,0,0,1256,0,0,0,0,1202,0,0,60,0,0,0,0,15.7181538461538,0,0,0,0,1
"395",207,1,0,1,60000,45,1,635,635,908,0,1594,72,72,259,0,382,36,0,96,5.418,2.709,11.61,0,3.87,1,1,1,0,1
"399",209,4,1,0.4,80000,50,0,788,0,752,774,1587,526,0,259,396,274,24,78,42,18.22125,0,9.675,2.09625,3.225,1,0,1,1,1
"401",210,5,0,0,27000,44,0,0,0,433,0,916,0,0,230,0,230,30,0,36,0,0,25.2266666666667,0,8.40888888888889,0,0,1,0,1
"407",213,5,1,0,43500,44,1,0,891,1157,0,1439,0,0,763,0,590,90,0,276,0,5.74124137931034,15.6579310344828,0,6.00220689655172,0,1,1,0,1
"409",214,5,1,0,15000,44,1,0,0,1013,0,1493,0,0,166,0,180,30,0,96,0,0,45.408,0,15.136,0,0,1,0,1
"411",215,5,0,1,20000,44,0,0,1109,1349,0,1927,0,396,101,0,101,48,0,54,0,13.6224,28.38,0,11.352,0,1,1,0,1
"413",216,1,1,1,70000,50,1,819,0,1142,0,1973,36,0,367,0,367,36,0,96,6.26571428571429,0,9.21428571428572,0,3.68571428571429,1,0,1,0,1
"415",217,5,1,1,70000,44,1,0,0,533,0,1111,0,0,72,0,72,30,0,54,0,0,8.10857142857143,0,3.24342857142857,0,0,1,0,1
"421",220,1,0,1,66000,44,1,1004,1004,1043,0,1320,180,180,310,0,310,48,0,54,6.364,3.096,10.32,0,3.44,1,1,1,0,1
"431",225,5,1,0,23000,44,1,0,0,966,0,2077,0,0,396,0,396,24,0,42,0,0,29.6139130434783,0,8.88417391304348,0,0,1,0,1
"436",228,1,1,0.5,85000,40,1,913,0,905,0,1905,180,0,425,0,425,24,0,42,4.37082352941176,0,6.07058823529412,0,2.42823529411765,1,0,1,0,1
"438",229,1,1,0.5,80000,40,1,484,484,519,0,1139,180,180,216,0,216,48,0,54,2.064,1.032,6.45,0,2.58,1,1,1,0,1
"440",230,4,0,0.5,53000,48,0,464,464,519,390,1139,180,180,86,734,86,48,78,54,3.73856603773585,1.86928301886792,11.6830188679245,3.03758490566038,3.97222641509434,1,1,1,1,1
"446",233,5,1,0,15000,48,1,0,0,0,0,1052,0,0,0,0,187,0,0,54,0,0,0,0,16.512,0,0,0,0,1
"448",234,3,1,1,70000,44,1,1175,0,1522,0,2214,180,0,202,0,202,48,0,108,8.59508571428571,0,8.10857142857143,0,3.24342857142857,1,0,1,0,1
"450",235,1,0,1,40000,25,0,615,0,409,612,888,130,0,583,871,493,36,78,150,16.28625,0,9.675,2.09625,3.225,1,0,1,1,1
"452",236,1,1,0.66,45000,43,0,588,0,808,612,1267,432,0,504,799,526,48,78,54,7.64253333333333,0,14.792,3.20493333333333,4.93066666666667,1,0,1,1,1
"457",239,2,1,0.5,110000,48,1,1109,1109,1322,0,1942,130,130,612,0,634,48,0,54,3.49003636363636,1.68872727272727,6.75490909090909,0,2.25163636363636,1,1,1,0,1
"459",240,1,1,1,125000,52,1,956,956,0,0,2195,36,36,0,0,346,0,0,198,4.185792,2.14656,0,0,2.14656,1,1,0,0,1
"463",242,5,0,0.5,30000,45,1,0,0,1046,0,1822,0,0,353,0,353,30,0,36,0,0,19.35,0,6.966,0,0,1,0,1
"465",243,3,0,0,32000,45,1,0,0,1268,0,2388,0,0,324,0,324,30,0,258,0,0,18.140625,0,7.25625,0,0,1,0,1
"467",244,4,0,0,30000,45,1,0,590,0,612,1267,0,432,0,814,540,0,78,54,0,1.935,0,5.031,7.74,0,1,0,1,1
"469",245,3,0,0,25000,45,1,0,0,1203,0,2189,0,0,468,0,490,36,0,60,0,0,27.864,0,9.288,0,0,1,0,1
"471",246,2,0,1,34000,45,0,0,972,963,0,1742,0,58,454,0,454,30,0,36,0,2.39029411764706,17.0735294117647,0,6.82941176470588,0,1,1,0,1
"473",247,4,0,0.5,55000,48,0,0,0,854,906,1727,0,0,468,310,468,24,78,42,0,0,13.5098181818182,2.92712727272727,4.50327272727273,0,0,1,1,1
"479",250,4,1,1,68000,45,0,340,340,394,281,678,144,144,468,583,490,12,78,6,10.7563235294118,1.19514705882353,8.53676470588235,2.21955882352941,3.41470588235294,1,1,1,1,1
"481",251,4,0,0.66,20000,45,1,583,0,637,533,1334,230,0,396,468,396,18,78,12,40.0545,0,34.83,7.5465,11.61,1,0,1,1,1
"487",254,3,0,0.5,80000,45,0,0,0,1051,0,1958,0,0,331,0,331,30,0,36,0,0,7.25625,0,2.9025,0,0,1,0,1
"493",257,4,1,0.33,25000,45,0,997,0,1000,906,2121,144,0,562,1411,562,24,78,42,55.728,0,27.864,6.0372,9.288,1,0,1,1,1
"497",259,1,1,0.33,70000,45,1,1190,0,1207,0,2366,108,0,310,0,310,60,0,30,9.288,0,9.95142857142857,0,3.31714285714286,1,0,1,0,1
"499",260,4,1,0.5,1e+05,48,1,0,0,0,690,1451,0,0,0,1382,518,0,78,54,0,0,0,1.60992,2.4768,0,0,0,1,1
"501",261,1,0,1,275000,50,1,1186,0,1066,0,1908,108,0,583,0,583,60,0,30,2.25163636363636,0,2.81454545454545,0,0.938181818181818,1,0,1,0,1
"507",264,5,0,1,30000,45,1,0,0,426,281,752,0,0,475,806,583,12,78,6,0,0,23.22,5.031,7.74,0,0,1,1,1
"509",265,4,0,0,35000,45,1,0,0,622,533,1371,0,0,378,580,378,18,78,12,0,0,19.9028571428571,4.31228571428571,6.63428571428571,0,0,1,1,1
"511",266,4,0,1,32000,45,1,755,0,0,690,1594,108,0,0,526,504,0,78,18,22.8571875,0,0,4.7165625,7.25625,1,0,0,1,1
"515",268,4,1,1,120000,48,1,850,0,690,768,1524,58,0,324,454,324,24,78,42,2.6832,0,6.192,1.3416,2.064,1,0,1,1,1
"517",269,4,1,0.5,50000,48,1,0,0,772,690,1594,0,0,331,346,331,24,78,18,0,0,14.8608,3.21984,4.9536,0,0,1,1,1
"519",270,4,1,0.5,60000,48,1,0,0,861,906,1738,0,0,475,677,497,24,78,42,0,0,12.384,2.6832,4.128,0,0,1,1,1
"521",271,3,0,1,30000,48,0,0,1006,1171,0,1667,0,144,475,0,475,48,0,54,0,5.7792,24.768,0,8.256,0,1,1,0,1
"523",272,4,0,0.5,30000,48,0,0,740,746,690,1594,0,144,338,425,338,18,78,18,0,4.9536,24.768,5.3664,8.256,0,1,1,1,1
"525",273,1,0,1,50000,50,1,1574,0,1324,0,2632,216,0,378,0,378,30,0,258,37.668,0,15.48,0,5.16,1,0,1,0,1
"527",274,1,1,1,180000,50,1,1098,1098,983,0,1725,58,58,378,0,400,24,0,42,2.86666666666667,1.43333333333333,3.58333333333333,0,1.43333333333333,1,1,1,0,1
"529",275,4,1,0.5,115000,50,1,816,0,814,768,1661,432,0,461,518,461,24,78,18,5.49652173913043,0,6.7304347826087,1.45826086956522,2.24347826086957,1,0,1,1,1
"531",276,4,1,1,115000,50,1,754,754,698,690,1525,58,58,338,425,338,18,78,18,2.91652173913043,1.45826086956522,6.7304347826087,1.45826086956522,2.24347826086957,1,1,1,1,1
"533",277,3,1,0.5,85000,45,1,670,0,773,0,1406,418,0,94,0,252,30,0,36,19.3955294117647,0,6.82941176470588,0,2.73176470588235,1,0,1,0,1
"536",279,2,0,0.5,60000,40,0,477,565,484,0,950,418,36,79,0,281,36,0,90,24.424,2.064,10.32,0,3.096,1,1,1,0,1
"540",281,3,0,0,35000,42,1,0,0,1322,0,2304,0,0,216,0,230,30,0,96,0,0,15.48,0,6.192,0,0,1,0,1
"542",282,2,0,1,80000,48,0,833,922,800,0,1668,202,36,706,0,720,24,0,42,23.6844,2.6316,7.74,0,3.096,1,1,1,0,1
"544",283,4,0,0,30000,23,0,0,353,710,546,1114,0,202,43,835,58,48,78,54,0,1.5824,11.868,2.5714,3.956,0,1,1,1,1
"545",284,1,0,1,32000,45,0,880,880,1154,0,2191,202,202,108,0,230,36,0,96,58.775625,7.6190625,21.76875,0,7.25625,1,1,1,0,1
"559",291,1,0,1,20000,48,0,1024,1024,1016,0,1568,72,72,72,0,79,60,0,30,25.3872,12.384,37.152,0,12.384,1,1,1,0,1
"561",292,1,0,1,77000,42,1,737,0,0,0,1548,324,0,0,0,252,0,0,36,20.124,0,0,0,2.39236363636364,1,0,0,0,1
"563",293,1,0,1,84000,44,0,734,734,0,0,1393,504,504,0,0,274,0,0,210,4.86514285714286,2.43257142857143,0,0,2.70285714285714,1,1,0,0,1
"565",294,4,0,0.33,17000,40,0,0,0,391,390,888,0,0,47,241,122,18,78,12,0,0,36.4235294117647,7.89176470588235,12.1411764705882,0,0,1,1,1
"568",296,4,1,0.66,30000,25,0,0,338,605,468,1075,0,202,360,482,374,48,78,54,0,1.72,10.75,2.795,3.655,0,1,1,1,1
"570",297,4,0,0,55000,45,0,0,399,441,468,1002,0,202,108,144,122,18,78,12,0,1.89981818181818,12.6654545454545,2.74418181818182,4.22181818181818,0,1,1,1,1
"573",299,4,0,0.25,74000,50,0,0,0,464,390,962,0,0,79,72,94,18,78,12,0,0,10.4594594594595,2.26621621621622,3.48648648648649,0,0,1,1,1
"577",301,5,1,0.57,40000,52,0,0,0,680,0,1220,0,0,238,0,238,30,0,36,0,0,16.77,0,6.708,0,0,1,0,1
"579",302,4,0,0.4,40000,45,0,0,0,671,774,1450,0,0,576,792,576,24,78,42,0,0,17.415,3.77325,5.805,0,0,1,1,1
"581",303,5,1,1,40000,40,0,854,854,778,0,1381,274,274,324,0,324,30,0,36,6.45,3.354,12.9,0,5.16,1,1,1,0,1
"587",306,4,1,0.5,92000,50,1,382,382,348,281,600,43,43,245,583,252,12,78,6,4.20652173913043,0.701086956521739,7.01086956521739,1.82282608695652,2.80434782608696,1,1,1,1,1
"592",309,4,0,0.66,20000,48,0,0,0,778,768,1587,0,0,619,666,641,24,78,42,0,0,37.152,8.0496,12.384,0,0,1,1,1
"623",340,5,0,0,40000,48,1,0,0,1072,0,1925,0,0,43,0,50,30,0,138,0,0,15.48,0,6.192,0,0,1,0,1
"627",342,4,0,0,23000,48,0,0,0,0,612,1377,0,0,0,166,72,0,78,12,0,0,0,6.99965217391304,9.69182608695652,0,0,0,1,1
"629",343,5,1,1,92000,48,1,1015,0,1286,0,1623,43,0,461,0,468,48,0,108,9.15339130434782,0,6.73043478260869,0,2.42295652173913,1,0,1,0,1
"631",344,1,1,1,80000,48,1,1022,0,830,906,1652,43,0,446,454,454,24,78,42,8.3592,0,9.288,2.0124,3.096,1,0,1,1,1
"634",346,5,0,1,20000,48,0,961,961,812,0,1411,857,857,209,0,216,30,0,36,24.1488,6.192,30.96,0,12.384,1,1,1,0,1
"636",347,1,1,0.33,90000,55,1,541,541,631,533,1279,72,72,101,144,108,18,78,12,2.52266666666667,1.26133333333333,7.88333333333333,2.04966666666667,3.15333333333333,1,1,1,1,1
"640",349,2,1,0.6,1e+05,72,1,0,1434,1135,0,2095,0,29,173,0,180,30,0,96,0,4.27248,9.288,0,3.7152,0,1,1,0,1
"646",352,1,1,0.33,75000,40,1,1098,1098,1315,0,1942,144,144,281,0,288,48,0,54,8.8064,2.3392,6.88,0,2.3392,1,1,1,0,1
"648",353,1,1,0.75,84000,70,1,821,821,824,0,1238,468,468,482,0,490,30,0,96,7.31,3.655,10.75,0,4.3,1,1,1,0,1
"654",356,4,0,0,10400,40,0,0,0,1153,840,1733,0,0,392,1098,392,48,78,54,0,0,49.6153846153846,12.9,19.8461538461538,0,0,1,1,1
"656",357,5,1,0,75000,48,1,0,1046,956,0,2067,0,814,202,0,202,24,0,42,0,1.6512,8.256,0,2.97216,0,1,1,0,1
"660",359,4,1,0.5,50000,48,0,0,781,654,624,1406,0,814,194,324,194,18,78,18,0,1.48608,12.384,3.21984,4.9536,0,1,1,1,1
"662",360,1,1,1,80000,40,1,1189,0,916,0,1674,814,0,468,0,720,36,0,60,12.126,0,7.74,0,2.322,1,0,1,0,1
"666",362,5,1,0,7740,44,1,0,0,721,0,1144,0,0,914,0,396,30,0,138,0,0,73.3333333333333,0,29.3333333333333,0,0,1,0,1
"668",363,4,1,0.5,85000,50,1,428,428,452,468,1002,871,871,158,274,230,18,78,12,14.5694117647059,1.21411764705882,7.58823529411765,1.97294117647059,3.03529411764706,1,1,1,1,1
"670",364,5,0,1,14500,44,0,0,0,1220,0,2262,0,0,194,0,266,30,0,96,0,0,39.1448275862069,0,15.6579310344828,0,0,1,0,1
"672",365,5,1,0.5,10740,40,1,0,425,508,0,1051,0,871,1231,0,382,18,0,54,0,5.76536312849162,48.0446927374302,0,19.2178770949721,0,1,1,0,1
"680",369,5,0,1,21050,48,1,0,0,1071,0,1489,0,0,274,0,158,30,0,180,0,0,29.4156769596199,0,10.5896437054632,0,0,1,0,1
"688",375,1,0,1,50000,40,1,970,0,1003,906,2126,130,0,288,821,295,24,78,42,3.7152,0,12.384,2.6832,4.128,1,0,1,1,1
"690",376,4,1,1,60000,48,1,0,401,539,378,1226,0,130,252,554,274,48,78,54,0,1.8576,10.32,2.6832,4.128,0,1,1,1,1
"692",377,4,0,1,55000,40,0,0,401,539,378,1226,0,130,252,554,274,48,78,54,0,1.68872727272727,9.38181818181818,2.43927272727273,3.75272727272727,0,1,1,1,1
"694",378,4,0,0,21000,40,1,0,0,679,612,1429,0,0,230,482,238,18,78,12,0,0,24.5714285714286,6.38857142857143,9.82857142857143,0,0,1,1,1
"696",379,4,1,0.5,130000,44,1,879,0,764,768,1620,130,0,554,806,569,24,78,42,2.88166153846154,0,4.36615384615385,1.1352,1.74646153846154,1,0,1,1,1
"698",380,5,0,0,12000,40,0,0,0,962,0,1626,0,0,338,0,346,36,0,96,0,0,43,0,17.2,0,0,1,0,1
"700",381,1,1,1,82000,50,1,1148,0,1152,0,2105,180,0,392,0,508,36,0,60,46.4085365853659,0,9.4390243902439,0,3.14634146341463,1,0,1,0,1
"701",382,3,1,0.66,130000,45,1,966,0,1363,0,2010,828,0,382,0,389,48,0,54,15.7181538461538,0,4.46538461538462,0,1.78615384615385,1,0,1,0,1
"703",383,4,0,0.5,65000,44,0,541,541,569,456,1135,130,130,450,641,457,18,78,12,4.36615384615385,2.09575384615385,8.73230769230769,2.2704,3.14363076923077,1,1,1,1,1
"705",384,4,1,0.5,68000,35,1,566,0,443,612,877,130,0,576,1022,760,36,78,150,2.52308823529412,0,6.63970588235294,1.72632352941176,2.39029411764706,1,0,1,1,1
"707",385,1,1,1,12000,44,1,664,0,797,0,1013,562,0,313,0,320,48,0,54,104.06,0,47.3,0,18.92,1,0,1,0,1
"712",388,1,1,1,130000,48,1,793,793,0,0,1409,36,36,0,0,497,0,0,54,8.00196923076923,1.61944615384615,0,0,1.90523076923077,1,1,0,0,1
"714",389,4,1,1,55000,40,1,568,0,765,690,1538,691,0,749,749,756,24,78,18,9.00654545454545,0,9.38181818181818,2.43927272727273,3.75272727272727,1,0,1,1,1
"716",390,2,0,0.33,23000,40,0,0,366,479,0,776,0,238,382,0,194,30,0,72,0,1.79478260869565,22.4347826086957,0,8.07652173913043,0,1,1,0,1
"718",391,1,1,1,1e+05,45,1,671,671,936,0,1329,403,403,374,0,389,48,0,96,11.61,1.3932,5.805,0,2.0898,1,1,1,0,1
"720",392,4,1,0.5,60000,48,1,818,0,0,840,1649,108,0,0,511,367,0,78,42,6.192,0,0,2.6832,4.128,1,0,0,1,1
"724",394,4,0,0.5,28000,36,1,0,0,830,906,1465,0,0,454,461,266,24,78,42,0,0,19.9028571428571,4.31228571428571,5.97085714285714,0,0,1,1,1
"726",395,2,0,0.5,40000,40,0,0,1037,848,0,1661,0,58,454,0,468,30,0,36,0,3.096,12.9,0,5.16,0,1,1,0,1
"732",398,5,1,0.66,24000,40,0,555,555,450,0,874,72,72,266,0,583,36,0,90,6.45,3.01,25.8,0,7.74,1,1,1,0,1
"738",401,3,0,1,50000,40,1,0,771,689,0,1352,0,374,353,0,360,30,0,36,0,2.064,10.32,0,3.7152,0,1,1,0,1
"740",402,4,0,0.5,29000,40,0,0,745,739,690,1538,0,403,410,490,418,18,78,18,0,4.27034482758621,17.7931034482759,4.98206896551724,7.11724137931034,0,1,1,1,1
"745",405,1,1,1,60000,44,0,860,860,661,396,1014,14,14,583,965,590,48,78,54,3.9732,1.892,9.46,2.4596,3.784,1,1,1,1,1
"749",407,5,1,0.5,120000,45,1,983,983,779,0,1544,367,367,288,0,295,30,0,36,12.5775,1.45125,4.8375,0,1.935,1,1,1,0,1
"754",410,3,1,1,30000,40,1,1144,1144,1550,0,2263,367,367,583,0,590,48,0,108,50.912,8.256,17.2,0,6.88,1,1,1,0,1
"756",411,1,0,0.5,45000,40,0,1103,1103,1471,0,2130,270,270,281,0,295,48,0,108,15.5946666666667,7.79733333333333,11.4666666666667,0,4.58666666666667,1,1,1,0,1
"758",412,1,1,1,230000,50,1,422,422,535,0,851,569,569,619,0,634,30,0,36,1.17782608695652,0.61695652173913,2.80434782608696,0,1.12173913043478,1,1,1,0,1
"760",413,1,0,0.5,38000,48,0,752,752,724,624,1478,374,374,274,619,288,24,78,18,25.7456842105263,4.56252631578947,19.5536842105263,4.23663157894737,6.5178947368421,1,1,1,1,1
"763",415,4,0,0.66,50000,48,0,934,0,833,840,1721,158,0,950,1130,958,24,78,42,33.18912,0,14.8608,3.46752,4.9536,1,0,1,1,1
"765",416,5,1,0.5,90000,48,1,992,0,946,0,1983,374,0,389,0,396,24,0,42,19.4016,0,7.568,0,2.4768,1,0,1,0,1
"769",418,3,1,0.5,1e+05,40,1,943,943,1227,0,2118,374,374,554,0,302,36,0,96,14.2416,1.9608,6.192,0,2.064,1,1,1,0,1
"771",419,5,0,0,80000,40,1,0,1034,918,0,1640,0,374,382,0,554,36,0,360,0,2.709,7.74,0,2.451,0,1,1,0,1
"773",420,5,0,1,42760,40,0,673,673,671,0,1189,374,374,209,0,468,30,0,36,28.9616463985033,2.41347053320861,12.067352666043,0,4.82694106641721,1,1,1,0,1
"781",425,4,1,1,170000,45,1,785,785,765,774,1590,353,353,209,590,288,24,78,42,10.6538823529412,1.22929411764706,4.09764705882353,0.887823529411765,1.36588235294118,1,1,1,1,1
"783",426,4,1,0.5,65000,45,1,502,502,589,546,1114,1123,1123,194,518,432,18,78,18,31.7935384615385,1.60753846153846,10.7169230769231,2.322,3.57230769230769,1,1,1,1,1
"785",427,3,0,0,20000,40,0,0,0,859,0,1553,0,0,194,0,209,30,0,30,0,0,25.8,0,10.32,0,0,1,0,1
"791",430,4,1,0.33,1e+05,50,1,889,0,692,774,1465,410,0,641,641,641,24,78,42,10.707,0,7.74,1.677,2.58,1,0,1,1,1
"793",431,5,1,0.5,80000,50,1,0,0,647,0,1331,0,0,338,0,108,30,0,36,0,0,8.0625,0,3.225,0,0,1,0,1
"805",437,4,1,0.5,30000,44,0,536,536,827,624,1264,72,72,72,1066,79,48,78,54,46.5432,4.5408,18.92,4.9192,7.568,1,1,1,1,1
"809",439,5,0,1,22300,48,1,645,645,916,0,1733,29,29,230,0,238,60,0,60,9.99605381165919,4.9980269058296,27.7668161434978,0,11.1067264573991,1,1,1,0,1
"811",440,1,1,0.33,150000,44,1,983,983,1376,0,1927,29,29,238,0,245,48,0,54,2.80016,1.36224,3.784,0,1.5136,1,1,1,0,1
"813",441,3,1,0,50000,60,1,0,0,1180,0,2262,0,0,227,0,133,30,0,96,0,0,15.48,0,5.5728,0,0,1,0,1
"815",442,5,0,0,40000,48,1,0,0,468,390,903,0,0,454,576,439,18,78,18,0,0,18.576,4.0248,5.5728,0,0,1,1,1
"817",443,1,1,1,150000,40,1,877,877,773,0,1426,670,670,360,0,374,30,0,96,13.0032,0.8256,3.44,0,1.2384,1,1,1,0,1
"819",444,4,1,0,50000,43,1,0,0,536,468,1040,0,0,310,382,295,18,78,18,0,0,13.3128,3.10632,3.99384,0,0,1,1,1
"821",445,1,1,0.5,1e+05,40,1,895,0,1043,0,2000,619,0,353,0,360,24,0,42,4.0248,0,6.192,0,1.8576,1,0,1,0,1
"823",446,4,1,0.5,1e+05,45,1,620,0,887,624,1274,670,0,317,1411,468,48,78,192,21.5946,0,5.805,1.5093,2.0898,1,0,1,1,1
"825",447,3,1,1,1e+05,50,1,1166,1166,1080,0,1803,619,619,389,0,410,30,0,180,9.804,2.967,6.45,0,2.58,1,1,1,0,1
"829",449,4,1,0.66,150000,44,1,742,742,743,840,1519,670,670,475,497,482,24,78,42,14.90896,1.21088,4.5408,0.98384,1.5136,1,1,1,1,1
"831",450,5,1,1,50000,50,1,430,430,356,0,649,338,338,727,0,734,30,0,72,1.806,0.774,12.9,0,4.644,1,1,1,0,1
"835",452,1,0,1,60000,44,1,1206,1206,0,0,1916,518,518,0,0,382,0,0,138,25.542,3.2164,0,0,3.784,1,1,0,0,1
"837",453,5,0,0,30000,40,0,0,679,550,0,958,0,518,425,0,612,30,0,66,0,1.72,17.2,0,5.848,0,1,1,0,1
"839",454,3,0,1,45000,48,1,961,961,979,0,1941,518,518,842,0,648,60,0,168,36.6016,4.4032,13.76,0,5.504,1,1,1,0,1
"842",456,1,1,1,80000,50,0,646,646,953,0,1577,511,511,418,0,425,36,0,168,24.51,2.2575,9.675,0,3.225,1,1,1,0,1
"844",457,5,1,0,18000,45,1,0,0,868,0,1751,0,0,533,0,540,24,0,42,0,0,38.7,0,11.61,0,0,1,0,1
"846",458,1,0,0.5,50000,40,1,960,960,0,0,1992,619,619,0,0,684,0,0,120,33.4368,3.9216,0,0,3.7152,1,1,0,0,1
"848",459,1,1,0.5,2e+05,48,1,1169,1169,1051,0,1897,310,310,252,0,526,60,0,288,13.12704,1.60992,3.7152,0,1.2384,1,1,1,0,1
"856",463,5,0,0.5,47000,45,1,971,971,1004,0,1858,353,353,209,0,490,36,0,60,46.9340425531915,4.94042553191489,14.8212765957447,0,4.4463829787234,1,1,1,0,1
"858",464,3,1,0.5,30000,40,0,683,683,739,0,1367,353,353,288,0,194,30,0,36,55.384,2.064,17.2,0,6.88,1,1,1,0,1
"861",466,4,1,1,1e+05,48,1,865,865,760,840,1578,454,454,367,1058,374,24,78,42,18.94752,3.34368,7.4304,1.73376,2.4768,1,1,1,1,1
"863",467,1,1,1,1e+05,48,1,995,995,878,0,2034,418,418,230,0,238,36,0,96,5.5728,2.72448,7.4304,0,2.4768,1,1,1,0,1
"867",469,1,1,1,80000,76,1,777,777,902,0,1685,684,684,230,0,324,30,0,36,11.2746,3.1863,12.255,0,4.4118,1,1,1,0,1
"869",470,4,1,0.5,45000,40,1,677,677,851,624,1297,374,374,590,1152,605,48,78,54,26.832,1.83466666666667,11.4666666666667,3.21066666666667,4.128,1,1,1,1,1
"871",471,4,1,1,86000,40,1,765,765,713,624,1462,158,158,317,590,331,24,78,18,12.84,1.56,7.2,1.68,2.16,1,1,1,1,1
"873",472,1,1,1,120000,45,1,843,0,0,0,0,346,0,0,0,0,0,0,0,7.74,0,0,0,0,1,0,0,0,0
"875",473,1,1,0.33,50000,48,1,998,0,1135,0,2166,619,0,511,0,511,36,0,150,28.97856,0,14.8608,0,4.9536,1,0,1,0,1
"879",475,4,0,0,40000,40,1,0,520,704,552,1081,0,439,547,835,547,48,78,54,0,2.58,12.9,3.612,5.16,0,1,1,1,1
"881",476,1,1,0.5,50000,45,1,1118,1118,1102,0,2201,439,439,518,0,518,60,0,78,9.288,4.644,13.932,0,4.644,1,1,1,0,1
"885",478,5,1,0,70000,48,1,0,0,912,0,1419,0,0,403,0,533,60,0,78,0,0,10.6148571428571,0,3.53828571428571,0,0,1,0,1
"891",481,1,0,1,20000,40,1,1190,0,1378,0,2045,187,0,482,0,490,48,0,54,43.344,0,25.8,0,10.32,1,0,1,0,1
"895",483,1,0,1,1e+05,45,0,1496,0,1270,0,2247,79,0,382,0,389,30,0,96,16.8345,0,5.805,0,2.322,1,0,1,0,1
"896",484,4,1,1,60000,48,1,352,352,392,312,914,122,122,479,745,486,18,78,6,3.7152,1.8576,10.32,2.8896,4.128,1,1,1,1,1
"902",487,1,1,1,95000,44,1,909,0,773,0,1838,0,0,389,0,389,36,0,96,4.30181052631579,0,7.16968421052631,0,2.38989473684211,1,0,1,0,1
"904",488,1,1,1,45000,43,0,758,758,694,0,1504,0,0,619,0,626,24,0,18,6.6564,3.20493333333333,14.792,0,4.93066666666667,1,1,1,0,1
"906",489,2,1,0.33,70000,60,1,0,971,899,0,2146,0,0,731,0,738,36,0,96,0,4.20171428571429,13.2685714285714,0,4.42285714285714,0,1,1,0,1
"908",490,2,1,0.33,15000,25,0,0,971,899,0,2146,0,0,731,0,738,36,0,96,0,8.17,25.8,0,8.6,0,1,1,0,1
"910",491,5,1,1,18000,45,1,1220,0,1172,0,2309,0,0,479,0,479,60,0,30,32.25,0,38.7,0,12.9,1,0,1,0,1
"912",492,1,1,0.62,30000,43,0,1104,0,1483,0,2450,0,0,900,0,900,36,0,96,15.5316,0,24.037,0,7.396,1,0,1,0,1
"914",493,2,1,0.5,60000,48,1,998,998,794,0,1083,310,310,353,0,360,48,0,54,47.6784,1.032,10.32,0,4.128,1,1,1,0,1
"916",494,1,1,1,4e+05,40,1,1026,1026,0,468,1176,310,310,0,976,464,0,78,12,6.1662,0.258,0,0.3354,0.516,1,1,0,1,1
"921",497,5,1,0.5,30000,48,1,815,815,787,0,1582,792,792,72,0,86,30,0,36,54.9024,2.4768,20.64,0,8.256,1,1,1,0,1
"925",499,1,1,0.5,70000,44,1,1155,0,0,0,2150,270,0,0,0,166,0,0,54,6.8112,0,0,0,3.24342857142857,1,0,0,0,1
"929",501,5,0,0.5,35000,48,0,0,516,550,0,1150,0,792,158,0,173,30,0,54,0,2.12297142857143,17.6914285714286,0,6.36891428571429,0,1,1,0,1
"939",506,4,1,0.5,40000,44,1,349,0,340,281,571,418,0,202,626,202,12,78,6,2.838,0,14.19,3.9732,5.676,1,0,1,1,1
"952",513,4,1,1,65000,48,1,0,645,474,546,1113,0,547,252,209,259,18,78,12,0,1.52418461538462,9.52615384615385,2.66732307692308,3.81046153846154,0,1,1,1,1
"956",515,2,1,0,60000,48,1,0,615,653,0,1414,0,0,324,0,324,30,0,36,0,1.2384,10.32,0,4.128,0,1,1,0,1
"958",516,4,1,0.66,25000,45,1,839,0,778,768,1587,86,0,493,522,500,24,78,42,24.1488,0,20.898,6.0372,9.288,1,0,1,1,1
"960",517,4,1,0.2,50000,48,1,0,442,441,468,1002,0,792,119,140,126,18,78,12,0,1.48608,7.4304,3.21984,4.45824,0,1,1,1,1
"966",520,1,0,1,120000,48,1,1114,1114,1033,0,1806,108,108,130,0,137,36,0,60,9.4944,2.1672,6.192,0,2.064,1,1,1,0,1
"968",521,5,1,0,25000,44,1,0,0,1030,0,1528,0,0,356,0,364,48,0,54,0,0,22.704,0,8.17344,0,0,1,0,1
"972",523,5,0,0,11000,44,0,0,0,1030,0,1528,0,0,356,0,364,48,0,54,0,0,51.6,0,20.64,0,0,1,0,1
"976",525,2,0,0.5,25000,48,0,0,853,795,0,2034,0,14,526,0,144,36,0,198,0,11.39328,29.7216,0,9.9072,0,1,1,0,1
"978",526,2,1,1,70000,44,1,0,1120,1472,0,2022,0,14,576,0,576,48,0,108,0,1.94605714285714,8.10857142857143,0,3.24342857142857,0,1,1,0,1
"980",527,2,0,0.5,70000,44,1,702,626,0,0,1121,425,14,0,0,324,0,0,54,10.8654857142857,1.29737142857143,0,0,3.24342857142857,1,1,0,0,1
"986",530,1,1,1,1e+05,44,1,939,0,898,0,1651,36,0,698,0,698,36,0,96,7.3788,0,4.5408,0,2.04336,1,0,1,0,1
"988",532,2,0,1,20000,45,0,0,769,779,0,1544,0,14,158,0,158,30,0,36,0,3.483,29.025,0,11.61,0,1,1,0,1
"989",533,2,0,1,65000,48,0,1045,1045,1232,0,2447,302,302,547,0,554,30,0,186,9.33563076923077,4.57255384615385,12.384,0,3.81046153846154,1,1,1,0,1
"991",534,2,1,0.5,45000,44,0,0,764,793,840,1655,0,43,230,252,238,24,78,42,0,3.53173333333333,15.136,3.53173333333333,5.04533333333333,0,1,1,1,1
"993",535,4,1,0,45000,44,0,0,0,340,234,581,0,0,245,497,252,48,78,54,0,0,15.136,3.53173333333333,5.04533333333333,0,0,1,1,1
"995",536,3,0,1,35000,44,0,810,810,790,0,1890,396,396,346,0,353,36,0,48,36.3264,5.18948571428571,19.4605714285714,0,6.48685714285714,1,1,1,0,1
"999",538,2,0,0.5,44000,44,0,1135,1034,982,0,1828,216,14,187,0,187,30,0,36,17.544,2.322,12.9,0,5.16,1,1,1,0,1
"1001",539,4,0,0.5,28000,48,0,0,0,0,702,1420,0,0,0,270,281,0,78,30,0,0,0,6.192,8.84571428571429,0,0,0,1,1
"1003",540,4,0,0,25000,50,0,0,0,637,690,1406,0,0,72,79,79,18,78,18,0,0,30.96,7.224,10.32,0,0,1,1,1
"1005",541,3,0,1,1e+05,44,1,1422,0,1410,0,2492,144,0,72,0,79,30,0,96,17.36856,0,5.676,0,2.2704,1,0,1,0,1
"1007",542,5,1,0.5,60000,44,1,434,0,480,281,1000,432,0,72,835,79,30,78,36,1.5136,0,9.46,2.6488,3.784,1,0,1,1,1
"1009",543,1,1,1,120000,48,1,1045,1045,1232,0,2447,302,302,547,0,554,30,0,186,27.348,2.2704,6.708,0,2.064,1,1,1,0,1
"1011",544,3,1,0,85000,44,1,0,0,1569,0,2398,0,0,583,0,374,36,0,96,0,0,8.01317647058823,0,2.67105882352941,0,0,1,0,1
"1013",545,3,0,0,48000,50,1,0,0,480,281,1000,0,0,209,972,216,30,78,36,0,0,13.4375,3.7625,5.375,0,0,1,1,1
"1015",546,3,1,0.5,60000,43,0,0,0,845,0,1942,0,0,526,0,533,36,0,96,0,0,12.0185,0,3.698,0,0,1,0,1
"1017",547,5,0,0,20000,44,0,0,761,738,0,1436,0,144,220,0,227,30,0,36,0,4.5408,28.38,0,11.352,0,1,1,0,1
"1019",548,2,0,1,70000,48,0,1049,1030,1397,0,2009,144,86,158,0,166,48,0,54,27.7755428571429,3.18445714285714,8.84571428571429,0,3.53828571428571,1,1,1,0,1
"1025",551,4,0,0.8,20000,44,0,766,766,811,840,1649,144,144,130,252,137,24,78,42,81.7344,6.8112,34.056,7.9464,11.352,1,1,1,1,1
"1030",554,3,0,0,70000,44,1,0,0,1432,0,1864,0,0,158,0,166,48,0,108,0,0,8.10857142857143,0,3.24342857142857,0,0,1,0,1
"1040",559,1,0,1,30000,44,0,615,0,650,612,1382,238,0,252,346,252,18,78,12,8.7032,0,11.352,5.2976,6.8112,1,0,1,1,1
"1044",561,5,1,0.5,28000,48,0,0,350,266,216,464,0,324,220,457,227,12,78,6,0,2.65371428571429,13.2685714285714,6.192,8.84571428571429,0,1,1,1,1
"1046",562,4,0,1,19000,24,0,942,942,785,840,1592,266,266,137,1001,144,24,78,42,45.6252631578947,3.25894736842105,19.5536842105263,4.56252631578947,5.86610526315789,1,1,1,1,1
"1048",563,5,0,1,23000,48,0,0,0,309,0,491,0,0,223,0,230,30,0,36,0,0,32.3060869565217,0,9.69182608695652,0,0,1,0,1
"1050",564,5,0,1,25000,48,0,0,490,359,0,875,0,590,342,0,349,18,0,6,0,2.4768,14.8608,0,8.91648,0,1,1,0,1
"1052",565,5,1,1,90000,44,1,0,0,824,0,1105,0,0,86,0,94,48,0,54,0,0,6.30666666666667,0,2.52266666666667,0,0,1,0,1
"1056",567,3,1,0,35000,44,1,0,1121,982,0,1828,0,281,288,0,288,30,0,36,0,4.21645714285714,16.2171428571429,0,5.83817142857143,0,1,1,0,1
"1058",568,5,1,0,17000,44,1,0,0,467,281,976,0,0,446,1073,446,30,78,36,0,0,20.0329411764706,9.34870588235294,13.3552941176471,0,0,1,1,1
"1060",569,1,0,1,80000,44,1,802,802,765,690,1640,382,382,554,504,158,24,78,36,3.8313,1.9866,8.514,1.9866,2.838,1,1,1,1,1
"1062",570,4,1,1,49000,46,1,413,0,413,378,810,292,0,281,252,281,12,78,6,4.35967346938775,0,12.1102040816327,3.39085714285714,4.84408163265306,1,0,1,1,1
"1066",572,5,1,1,60000,44,1,394,394,484,0,775,382,382,187,0,223,30,0,36,1.7028,0.946,9.46,0,3.4056,1,1,1,0,1
"1068",573,5,0,0.4,10000,40,1,0,514,659,0,980,0,108,101,0,108,30,0,36,0,9.288,30.96,0,20.64,0,1,1,0,1
"1070",574,5,0,1,21000,40,0,0,0,499,306,923,0,0,216,814,223,12,78,6,0,0,24.5714285714286,6.88,9.82857142857143,0,0,1,1,1
"1074",576,1,1,1,80000,44,1,984,984,1179,0,1684,245,245,475,0,475,48,0,54,7.095,3.5475,8.514,0,2.5542,1,1,1,0,1
"1081",580,2,0,0.66,40000,48,0,733,733,728,0,1738,490,490,648,0,655,36,0,96,13.0032,6.5016,18.576,0,6.192,1,1,1,0,1
"1083",581,5,0,1,32000,48,0,0,470,547,0,762,0,331,335,0,486,30,0,54,0,2.709,19.35,0,7.74,0,1,1,0,1
"1089",584,5,0,1,80000,48,1,654,654,679,0,1145,331,331,767,0,450,36,0,210,16.4088,1.7028,9.288,0,2.7864,1,1,1,0,1
"1093",586,4,1,0.5,150000,48,1,1011,1011,879,840,1750,590,590,864,1411,713,24,78,42,3.55008,1.81632,4.9536,1.07328,1.48608,1,1,1,1,1
"1097",588,5,0,1,60000,48,1,1043,1043,1166,0,1735,810,810,378,0,227,48,0,192,27.2448,3.3024,10.32,0,3.7152,1,1,1,0,1
"1099",589,2,0,0.2,1e+05,48,1,629,629,738,624,1262,90,90,662,994,518,36,78,90,3.96288,1.98144,7.4304,1.60992,2.22912,1,1,1,1,1
"1101",590,5,0,0,30000,48,0,0,1271,1179,0,2192,0,810,382,0,389,60,0,48,0,12.384,24.768,0,8.256,0,1,1,0,1
"1106",593,3,0,1,30000,48,0,1013,1013,1278,0,1617,583,583,522,0,522,90,0,276,40.0416,7.8432,24.768,0,8.256,1,1,1,0,1
"1108",594,5,0,0.5,33000,48,0,801,801,727,0,1348,583,583,302,0,367,30,0,36,30.3970909090909,3.75272727272727,18.7636363636364,0,7.50545454545454,1,1,1,0,1
"1117",599,1,1,1,150000,50,1,815,815,1066,0,2204,590,590,259,0,259,60,0,168,3.526,1.72,5.16,0,1.72,1,1,1,0,1
"1123",603,3,0,1,2e+05,48,1,862,862,734,0,1496,583,583,288,0,295,30,0,36,5.07744,0.68112,3.096,0,1.2384,1,1,1,0,1
"1125",604,5,1,0.5,30000,48,0,0,630,622,0,1079,0,583,331,0,454,30,0,36,0,3.7152,20.64,0,8.256,0,1,1,0,1
"1127",605,1,1,0.4,38000,48,0,924,924,1241,0,1853,518,518,295,0,302,48,0,54,59.3128421052632,5.21431578947368,16.2947368421053,0,6.5178947368421,1,1,1,0,1
"1129",606,4,1,0.5,1e+05,48,1,800,800,598,624,1378,583,583,410,929,418,24,78,36,10.15488,1.36224,6.192,1.60992,2.4768,1,1,1,1,1
"1133",608,3,1,1,2e+05,48,1,401,401,686,0,1004,439,439,464,0,356,48,0,54,1.11456,0.55728,3.096,0,1.2384,1,1,1,0,1
"1135",609,5,1,0.5,21000,48,0,696,696,528,0,1073,583,583,389,0,511,30,0,54,44.2285714285714,4.71771428571429,29.4857142857143,0,11.7942857142857,1,1,1,0,1
"1137",610,2,0,0.5,15000,48,0,612,549,629,0,967,583,0,281,0,288,30,0,36,62.7456,5.7792,41.28,0,16.512,1,1,1,0,1
"1142",613,2,1,0.5,71000,48,0,0,565,629,0,967,0,43,367,0,374,30,0,36,0,1.39538028169014,8.72112676056338,0,3.48845070422535,0,1,1,0,1
"1144",614,1,1,1,1e+05,48,1,791,791,704,0,1361,360,360,403,0,410,30,0,36,12.26016,1.48608,6.192,0,2.4768,1,1,1,0,1
"1150",617,2,0,1,30000,48,0,1118,1035,980,0,1439,810,360,504,0,353,36,0,60,44.1696,9.4944,24.768,0,8.256,1,1,1,0,1
"1152",618,5,1,1,90000,48,1,545,545,488,546,986,810,810,504,706,475,18,78,18,11.2832,1.5136,6.88,1.7888,2.752,1,1,1,1,1
"1156",620,1,1,1,160000,48,1,940,940,1167,0,2144,504,504,450,0,299,30,0,60,3.5604,1.7802,4.644,0,1.3932,1,1,1,0,1
"1158",621,5,0,1,26000,48,1,526,526,445,390,847,810,810,374,626,223,18,78,18,36.6756923076923,4.28676923076923,23.8153846153846,6.192,8.57353846153846,1,1,1,1,1
"1160",622,5,1,0,24000,48,1,0,1508,1159,0,2105,0,810,504,0,511,30,0,96,0,9.288,25.8,0,10.32,0,1,1,0,1
"1170",627,4,0,0,46000,48,1,0,361,389,306,790,0,720,403,475,410,12,78,6,0,1.88452173913043,13.4608695652174,3.49982608695652,5.38434782608696,0,1,1,1,1
"1172",628,3,1,1,50000,48,0,904,904,1433,0,2305,576,576,403,0,536,36,0,360,11.88864,5.94432,14.8608,0,4.9536,1,1,1,0,1
"1176",630,4,1,0.5,60000,48,1,881,881,940,774,1540,619,619,612,835,446,48,78,18,15.0672,1.2384,10.32,2.6832,4.128,1,1,1,1,1
"1178",631,5,1,0,45000,48,0,0,628,647,0,779,0,619,590,0,533,24,0,36,0,1.9264,16.512,0,5.504,0,1,1,0,1
"1184",634,4,1,0.5,1e+05,48,1,820,820,726,774,1510,619,619,418,554,425,24,78,42,11.88864,2.22912,7.4304,1.60992,2.22912,1,1,1,1,1
"1186",635,5,0,0,35000,48,0,790,790,797,0,1570,619,619,295,0,302,36,0,96,30.7830857142857,4.9536,21.2297142857143,0,6.36891428571429,1,1,1,0,1
"1194",640,1,1,0.75,50000,40,0,804,804,916,0,1226,317,317,220,0,227,48,0,54,23.9424,2.6832,10.32,0,3.7152,1,1,1,0,1
"1196",641,5,0,0,15000,45,0,0,472,510,0,950,0,317,274,0,281,30,0,30,0,6.966,38.7,0,15.48,0,1,1,0,1
"1201",644,4,0,0.66,22000,48,0,0,816,739,774,1559,0,461,536,853,544,24,78,42,0,8.44363636363636,33.7745454545455,7.31781818181818,10.1323636363636,0,1,1,1,1
"1203",645,1,0,0.83,50000,38,0,889,889,1052,0,1436,180,180,338,0,346,48,0,54,3.13728,1.56864,9.804,0,3.52944,1,1,1,0,1
"1211",649,1,1,1,80000,55,0,841,841,870,0,1584,432,432,461,0,367,24,0,42,24.47775,3.370125,10.6425,0,3.5475,1,1,1,0,1
"1216",652,4,1,0,95000,48,1,0,728,700,768,1510,0,202,526,533,533,24,78,24,0,1.95536842105263,7.82147368421053,1.69465263157895,2.60715789473684,0,1,1,1,1
"1219",654,3,1,0.5,110000,48,1,1303,1303,1146,0,2054,504,504,302,0,310,30,0,96,17.9005090909091,2.25163636363636,6.75490909090909,0,2.25163636363636,1,1,1,0,1
"1224",657,1,0,0.71,121000,48,0,380,380,343,0,863,432,432,241,0,335,36,0,90,1.63755371900826,0.818776859504132,6.14082644628099,0,2.04694214876033,1,1,1,0,1
"1234",662,1,1,0.6,1e+05,48,0,899,899,980,0,1845,450,450,302,0,310,60,0,30,22.2912,2.4768,7.4304,0,2.4768,1,1,1,0,1
"1236",663,4,0,0,96000,44,1,0,775,778,768,1587,0,108,108,115,115,24,78,42,0,1.6555,7.095,1.53725,2.365,0,1,1,1,1
"1239",665,3,1,0.4,50000,48,0,0,1040,808,0,1636,0,526,266,0,274,30,0,36,0,3.21984,12.384,0,4.45824,0,1,1,0,1
"1245",668,1,0,0.5,30000,48,0,645,645,915,0,1742,0,0,616,0,616,36,0,48,13.2096,6.6048,24.768,0,8.256,1,1,1,0,1
"1247",669,5,0,0,40000,48,0,0,1319,1175,0,2230,0,634,320,0,328,60,0,78,0,8.3592,18.576,0,6.192,0,1,1,0,1
"1249",670,1,1,1,2e+05,55,1,740,740,0,0,1393,0,0,0,0,277,0,0,210,2.1285,1.06425,0,0,1.419,1,1,0,0,1
"1252",672,4,0,0.66,20000,40,0,0,621,441,468,1002,0,684,176,270,184,18,78,12,0,4.644,25.8,6.708,10.32,0,1,1,1,1
"1255",674,1,1,0.5,1e+05,55,1,444,444,608,0,1079,432,432,212,0,220,30,0,36,2.6961,1.419,7.095,0,2.5542,1,1,1,0,1
"1257",675,1,1,0.5,37000,44,0,383,383,398,0,622,180,180,252,0,252,30,0,48,2.14767567567568,0.920432432432432,15.3405405405405,0,6.13621621621622,1,1,1,0,1
"1259",676,4,0,0,25000,44,0,0,287,262,240,702,0,180,209,418,209,18,78,6,0,1.81632,22.704,5.90304,9.0816,0,1,1,1,1
"1261",677,4,0,0.5,40000,60,0,0,355,340,312,815,0,317,158,281,166,18,78,6,0,1.935,19.35,5.031,6.966,0,1,1,1,1
"1263",678,1,0,1,60000,48,0,442,442,375,0,626,0,0,734,0,554,30,0,48,2.064,1.032,10.32,0,4.128,1,1,1,0,1
"1265",679,1,1,0.5,60000,50,1,981,981,952,0,2150,180,180,310,0,317,36,0,96,22.36,3.655,12.9,0,4.3,1,1,1,0,1
"1268",681,5,1,0.5,30000,48,0,0,373,181,0,266,0,180,450,0,540,30,0,18,0,1.2384,20.64,0,8.256,0,1,1,0,1
"1280",688,1,1,1,90000,48,0,686,686,818,0,1605,180,180,302,0,310,60,0,60,11.008,1.376,6.88,0,2.4768,1,1,1,0,1
"1284",690,5,1,0,11000,40,0,0,0,1119,0,2171,0,0,288,0,295,60,0,30,0,0,56.2909090909091,0,16.8872727272727,0,0,1,0,1
"1286",691,1,0,0.33,45000,40,1,780,780,695,0,1493,180,180,324,0,331,30,0,36,8.71466666666667,0.917333333333333,11.4666666666667,0,4.128,1,1,1,0,1
"1288",692,5,1,0,20000,48,1,0,0,1478,0,2512,0,0,540,0,547,30,0,96,0,0,30.96,0,12.384,0,0,1,0,1
"1290",693,5,0,0.33,12500,40,0,0,0,824,0,1618,0,0,216,0,223,30,0,36,0,0,41.28,0,16.512,0,0,1,0,1
"1292",694,4,1,1,50000,40,1,703,703,547,612,1240,151,151,216,180,223,18,78,12,8.0496,1.8576,10.32,2.6832,3.7152,1,1,1,1,1
"1294",696,5,0,1,23000,50,0,0,916,824,0,1618,0,151,216,0,223,30,0,36,0,5.04782608695652,28.0434782608696,0,11.2173913043478,0,1,1,0,1
"1295",697,4,1,0.5,65000,45,1,427,0,520,378,953,144,0,310,396,317,48,78,54,9.46661538461538,0,8.93076923076923,2.322,3.21507692307692,1,0,1,1,1
"1296",698,5,0,1,19000,40,0,1374,0,0,0,2076,187,0,0,0,277,0,0,138,30.96,0,0,0,10.8631578947368,1,0,0,0,1
"1297",699,5,0,1,40000,40,0,767,767,695,0,1414,187,187,270,0,547,30,0,36,17.028,2.064,12.9,0,5.16,1,1,1,0,1
"1298",700,4,0,0,70000,44,1,0,0,340,281,571,0,0,270,234,277,12,78,6,0,0,8.10857142857143,2.10822857142857,2.91908571428571,0,0,1,1,1
"1299",701,3,0,0.66,50000,40,0,1479,1479,1260,0,2195,108,108,230,0,238,30,0,96,22.9104,3.096,10.32,0,4.128,1,1,1,0,1
"1300",703,3,1,1,80000,58,1,1039,1039,864,0,1687,274,274,94,0,101,30,0,36,14.40285,2.6187,9.3525,0,3.3669,1,1,1,0,1
"1301",704,3,1,0.5,50000,48,1,1508,1508,1396,0,2483,583,583,353,0,360,30,0,96,25.51104,5.20128,12.384,0,4.45824,1,1,1,0,1
"1302",705,3,0,0,80000,44,1,0,0,1482,0,2409,0,0,367,0,374,36,0,96,0,0,8.514,0,2.5542,0,0,1,0,1
"1303",706,4,0,0.5,16000,40,0,0,0,400,281,650,0,0,162,259,169,12,78,6,0,0,32.25,8.385,11.61,0,0,1,1,1
"1307",710,1,1,1,160000,43,1,1425,1425,1091,0,2024,90,90,612,0,619,30,0,54,17.334375,1.3174125,3.466875,0,1.248075,1,1,1,0,1
"1309",713,1,1,0.5,110000,48,1,816,816,1040,0,2026,266,266,252,0,259,36,0,78,17.4501818181818,2.4768,6.75490909090909,0,2.02647272727273,1,1,1,0,1
"1310",714,4,0,0,59000,40,1,0,825,775,546,1627,0,547,65,612,72,18,78,60,0,2.44881355932203,8.74576271186441,2.27389830508475,3.14847457627119,0,1,1,1,1
"1311",715,1,1,1,75000,40,1,1470,1470,1225,0,2165,342,342,108,0,115,30,0,96,2.6144,1.2384,6.88,0,2.4768,1,1,1,0,1
"1312",716,3,1,1,70000,40,1,1463,1463,1371,0,2435,342,342,230,0,238,30,0,96,5.74971428571429,2.80114285714286,7.37142857142857,0,2.65371428571429,1,1,1,0,1
"1313",717,4,1,1,90000,40,1,795,795,726,702,1517,342,342,238,432,245,24,78,42,3.55466666666667,1.83466666666667,6.88,1.49066666666667,2.064,1,1,1,1,1
"1314",719,4,1,0.66,50000,40,0,0,0,0,306,835,0,0,0,1188,1001,0,78,6,0,0,0,2.6832,3.7152,0,0,0,1,1
"1316",721,4,1,0.5,30000,48,0,0,658,670,768,1409,0,180,202,310,209,24,78,24,0,3.7152,24.768,5.3664,7.4304,0,1,1,1,1
"1317",722,1,0,1,23000,48,1,863,863,836,0,1645,180,180,281,0,281,60,0,18,28.5370434782609,9.15339130434782,32.3060869565217,0,9.69182608695652,1,1,1,0,1
"1318",723,5,0,0,22000,48,1,0,1177,839,0,1562,0,180,626,0,626,30,0,60,0,9.56945454545454,28.1454545454545,0,10.1323636363636,0,1,1,0,1
"1319",724,1,1,0.75,40000,48,0,736,736,974,0,1697,425,425,353,0,238,60,0,78,31.2696,3.096,13.932,0,5.5728,1,1,1,0,1
"1320",725,5,0,0,22000,44,1,0,754,642,0,1306,0,274,144,0,151,30,0,54,0,3.612,25.8,0,10.32,0,1,1,0,1
"1322",727,5,0,0,40000,44,1,0,395,374,281,625,0,274,360,619,367,12,78,6,0,1.1352,14.19,3.6894,5.676,0,1,1,1,1
"1323",728,5,0,0.33,35000,44,1,0,0,659,0,1197,0,0,79,0,86,30,0,36,0,0,16.2171428571429,0,6.48685714285714,0,0,1,0,1
"1324",730,4,1,0.33,96000,44,1,635,635,620,378,1063,0,0,108,1109,115,30,78,54,1.419,0.7095,5.9125,1.53725,2.365,1,1,1,1,1
"1325",731,1,1,1,1e+05,48,1,1097,1097,1298,0,2337,0,0,162,0,551,36,0,60,5.94432,2.97216,7.4304,0,2.4768,1,1,1,0,1
"1329",736,4,0,0.25,1e+05,44,1,636,636,923,690,1484,274,274,162,709,169,240,78,96,8.17344,1.24872,6.8112,1.47576,2.2704,1,1,1,1,1
"1330",737,1,0,1,1e+05,44,0,1246,1246,1173,0,2098,0,0,238,0,425,60,0,48,5.56248,2.838,6.8112,0,2.2704,1,1,1,0,1
"1331",738,1,1,0.66,120000,44,1,1109,1109,1196,0,1898,0,0,216,0,670,36,0,60,4.6354,2.2704,5.676,0,1.892,1,1,1,0,1
"1332",739,1,1,1,120000,44,1,1024,1024,1477,0,2405,0,0,310,0,317,36,0,96,4.8246,2.365,5.676,0,1.892,1,1,1,0,1
"1333",740,2,0,0.5,65000,44,0,1144,1144,1145,0,2077,0,0,367,0,691,36,0,60,6.8112,3.31827692307692,10.4787692307692,0,3.49292307692308,1,1,1,0,1
"1334",741,1,0,0.5,21000,44,1,327,327,484,0,692,396,396,115,0,122,30,0,36,40.5428571428571,1.62171428571429,27.0285714285714,0,9.73028571428571,1,1,1,0,1
"1335",742,1,1,1,1e+05,44,1,862,0,938,0,1846,0,0,184,0,191,36,0,96,3.63264,0,6.8112,0,2.2704,1,0,1,0,1
"1336",743,4,0,0,70000,48,1,0,0,464,378,886,0,0,108,302,115,18,78,6,0,0,8.84571428571429,2.29988571428571,3.18445714285714,0,0,1,1,1
"1338",745,3,0,0.66,40000,55,1,878,878,1279,0,2167,266,266,299,0,306,36,0,78,47.18175,3.90225,21.285,0,7.095,1,1,1,0,1
"1341",748,2,0,1,60000,48,1,1034,1099,910,0,1680,72,0,299,0,306,60,0,42,8.6688,2.2704,12.384,0,4.128,1,1,1,0,1
"1342",749,1,0,1,73000,44,1,1196,1196,1225,0,2302,90,90,468,0,360,60,0,108,8.8638904109589,2.17709589041096,9.33041095890411,0,3.11013698630137,1,1,1,0,1
"1344",751,4,1,1,70000,50,0,714,714,685,840,1368,691,691,342,335,349,24,78,42,4.97571428571429,2.58,11.0571428571429,2.39571428571429,3.68571428571429,1,1,1,1,1
"1345",752,1,1,0.4,90000,44,1,1514,1514,1169,0,2150,0,0,270,0,277,30,0,96,4.1624,2.14426666666667,6.30666666666667,0,2.52266666666667,1,1,1,0,1
"1346",753,1,1,0.5,70000,44,1,1552,1552,1187,0,2195,0,0,295,0,209,30,0,96,5.83817142857143,2.91908571428571,8.10857142857143,0,3.24342857142857,1,1,1,0,1
"1347",754,1,0,1,90000,44,1,499,499,428,0,883,90,90,72,0,533,36,0,90,3.15333333333333,1.5136,7.568,0,2.52266666666667,1,1,1,0,1
"1350",757,3,0,0,50000,44,1,0,1225,1218,0,2224,0,454,281,0,792,36,0,60,0,4.99488,13.6224,0,4.08672,0,1,1,0,1
"1351",758,5,0,0.25,15000,44,0,0,0,480,0,1000,0,0,133,0,140,30,0,36,0,0,37.84,0,15.136,0,0,1,0,1
"1353",760,4,0,0.5,64000,44,0,0,767,716,690,1519,0,454,317,284,140,24,78,36,0,2.305875,8.86875,2.305875,3.19275,0,1,1,1,1
"1355",762,5,0,0,60000,44,1,0,575,654,0,1049,0,454,202,0,79,48,0,54,0,1.892,9.46,0,3.4056,0,1,1,0,1
"1356",763,5,1,0,45000,44,1,0,1228,0,0,2039,0,454,0,0,230,0,0,138,0,4.03626666666667,0,0,5.04533333333333,0,1,0,0,1
"1357",764,2,1,1,115000,50,1,956,974,0,0,1909,0,108,0,0,281,0,0,198,4.26260869565217,2.13130434782609,0,0,2.24347826086957,1,1,0,0,1
"1358",765,3,0,0,46000,44,0,0,1247,1549,0,2214,0,511,691,0,482,48,0,192,0,5.42921739130435,14.8069565217391,0,4.93565217391304,0,1,1,0,1
"1359",768,5,1,0,40000,44,1,0,811,865,0,1257,0,454,310,0,317,30,0,96,0,5.676,14.19,0,5.1084,0,1,1,0,1
"1361",770,5,0,1,25000,44,0,0,1021,1200,0,1816,0,454,202,0,209,48,0,54,0,7.71936,22.704,0,9.0816,0,1,1,0,1
"1362",771,5,0,1,38000,44,0,0,1198,1171,0,2144,0,511,670,0,554,36,0,60,0,6.87094736842105,17.9242105263158,0,5.37726315789474,0,1,1,0,1
"1364",773,1,1,1,40000,44,1,1531,1531,1234,0,2302,360,360,526,0,108,30,0,96,17.3118,5.9598,14.19,0,5.676,1,1,1,0,1
"1365",774,1,1,1,2e+05,55,1,1086,1086,1465,0,2068,0,0,353,0,360,48,0,54,3.19275,1.63185,3.5475,0,1.419,1,1,1,0,1
"1366",775,4,0,0,15000,44,0,0,0,520,378,893,0,0,166,367,281,48,78,6,0,0,37.84,9.8384,15.136,0,0,1,1,1
"1367",776,1,1,1,70000,58,1,338,338,262,240,702,72,72,216,432,223,18,78,6,2.56525714285714,1.28262857142857,10.6885714285714,2.77902857142857,4.27542857142857,1,1,1,1,1
"1368",777,1,0,0.5,40000,22,0,112,112,163,72,328,0,0,310,734,317,12,78,6,0.4257,0.1419,7.095,1.8447,2.838,1,1,1,1,1
"1370",781,3,0,0,15000,44,0,0,1240,1596,0,2341,0,432,360,0,367,48,0,108,0,32.5424,45.408,0,15.136,0,1,1,0,1
"1371",782,1,1,0.5,50000,44,1,731,731,853,0,1166,72,72,320,0,320,48,0,54,16.34688,2.49744,11.352,0,4.5408,1,1,1,0,1
"1372",784,2,1,0.5,85000,44,1,929,826,1118,0,0,180,0,162,0,0,36,0,0,17.6289882352941,2.13684705882353,8.01317647058823,0,0,1,1,1,0,0
"1373",785,2,1,0.5,60000,48,1,797,696,0,0,1835,180,0,0,0,533,0,0,48,27.0384,3.3024,0,0,4.128,1,1,0,0,1
"1374",786,2,1,0.25,120000,48,1,820,820,1034,0,1574,0,0,342,0,342,48,0,54,2.58,1.3416,6.192,0,2.064,1,1,1,0,1
